{
  "brightness_min": 0.9393111827761628,
  "brightness_max": 0.6183556845021803,
  "time_format_24h": false
}